horizon,model,cost_scenario,fee_bps,slippage_bps,include_spread,validation_macro_f1,accuracy,macro_f1,precision_down,precision_neutral,precision_up,recall_down,recall_neutral,recall_up,confusion_matrix,gross_pnl,net_pnl,sharpe_daily_annualized,sharpe_daily_observations,max_drawdown,turnover,hit_rate,number_of_trades,average_pnl_per_trade,active_fraction,test_rows
1,naive_majority,zero_cost,0.0,0.0,False,0.23237743373211353,0.7205895118587178,0.27920256667544896,0.0,0.7205895118587178,0.0,0.0,1.0,0.0,"[[0, 14534, 0], [0, 74710, 0], [0, 14435, 0]]",0.0,0.0,0.0,2,0.0,0.0,0.0,0,0.0,0.0,103679
1,naive_majority,spread_only,0.0,0.0,True,0.23237743373211353,0.7205895118587178,0.27920256667544896,0.0,0.7205895118587178,0.0,0.0,1.0,0.0,"[[0, 14534, 0], [0, 74710, 0], [0, 14435, 0]]",0.0,0.0,0.0,2,0.0,0.0,0.0,0,0.0,0.0,103679
1,naive_majority,realistic_low,0.5,0.25,True,0.23237743373211353,0.7205895118587178,0.27920256667544896,0.0,0.7205895118587178,0.0,0.0,1.0,0.0,"[[0, 14534, 0], [0, 74710, 0], [0, 14435, 0]]",0.0,0.0,0.0,2,0.0,0.0,0.0,0,0.0,0.0,103679
1,naive_majority,realistic_base,1.0,0.5,True,0.23237743373211353,0.7205895118587178,0.27920256667544896,0.0,0.7205895118587178,0.0,0.0,1.0,0.0,"[[0, 14534, 0], [0, 74710, 0], [0, 14435, 0]]",0.0,0.0,0.0,2,0.0,0.0,0.0,0,0.0,0.0,103679
1,naive_majority,stressed,2.0,1.0,True,0.23237743373211353,0.7205895118587178,0.27920256667544896,0.0,0.7205895118587178,0.0,0.0,1.0,0.0,"[[0, 14534, 0], [0, 74710, 0], [0, 14435, 0]]",0.0,0.0,0.0,2,0.0,0.0,0.0,0,0.0,0.0,103679
1,ofi_threshold,zero_cost,0.0,0.0,False,0.3564365173563606,0.44705292296414895,0.32829213751143477,0.15190380761523045,0.7265791540446539,0.1466872599104986,0.2607678546855649,0.5200910186052737,0.2565985452026325,"[[3790, 7334, 3410], [17717, 38856, 18137], [3443, 7288, 3704]]",0.19657958975215462,0.19657958975215462,26.636735132854394,2,-0.05431677571753646,16538.0,0.4815641122686799,16133,1.2184937070114338e-05,0.4841964139314615,103679
1,ofi_threshold,spread_only,0.0,0.0,True,0.3564365173563606,0.44705292296414895,0.32829213751143477,0.15190380761523045,0.7265791540446539,0.1466872599104986,0.2607678546855649,0.5200910186052737,0.2565985452026325,"[[3790, 7334, 3410], [17717, 38856, 18137], [3443, 7288, 3704]]",0.19657958975215462,0.013628097210241519,29.52811302028592,2,-0.133595659875641,16538.0,0.4815641122686799,16133,8.447342224162598e-07,0.4841964139314615,103679
1,ofi_threshold,realistic_low,0.5,0.25,True,0.3564365173563606,0.44705292296414895,0.32829213751143477,0.15190380761523045,0.7265791540446539,0.1466872599104986,0.2607678546855649,0.5200910186052737,0.2565985452026325,"[[3790, 7334, 3410], [17717, 38856, 18137], [3443, 7288, 3704]]",0.19657958975215462,-1.2267219027897585,-20.430756832124136,2,-1.2270477194142138,16538.0,0.4815641122686799,16133,-7.603805261202247e-05,0.4841964139314615,103679
1,ofi_threshold,realistic_base,1.0,0.5,True,0.3564365173563606,0.44705292296414895,0.32829213751143477,0.15190380761523045,0.7265791540446539,0.1466872599104986,0.2607678546855649,0.5200910186052737,0.2565985452026325,"[[3790, 7334, 3410], [17717, 38856, 18137], [3443, 7288, 3704]]",0.19657958975215462,-2.4670719027897587,-20.62350613980089,2,-2.4671727194142115,16538.0,0.4815641122686799,16133,-0.0001529208394464612,0.4841964139314615,103679
1,ofi_threshold,stressed,2.0,1.0,True,0.3564365173563606,0.44705292296414895,0.32829213751143477,0.15190380761523045,0.7265791540446539,0.1466872599104986,0.2607678546855649,0.5200910186052737,0.2565985452026325,"[[3790, 7334, 3410], [17717, 38856, 18137], [3443, 7288, 3704]]",0.19657958975215462,-4.947771902789758,-20.72043961488551,2,-4.947771902789704,16538.0,0.4815641122686799,16133,-0.0003066864131153386,0.4841964139314615,103679
1,logistic_no_ofi,zero_cost,0.0,0.0,False,0.40791407620446657,0.6245527059481669,0.4178737229310007,0.23585679147308009,0.7758579023682939,0.24122535888453878,0.23751204073207652,0.7735109088475438,0.24329754069968826,"[[3452, 8404, 2678], [8552, 57789, 8369], [2632, 8291, 3512]]",0.09647479581343477,0.09647479581343477,13.798713046315598,2,-0.04608751202317063,34276.0,0.48874807330022263,23266,4.146600009173677e-06,0.28159029311625305,103679
1,logistic_no_ofi,spread_only,0.0,0.0,True,0.40791407620446657,0.6245527059481669,0.4178737229310007,0.23585679147308009,0.7758579023682939,0.24122535888453878,0.23751204073207652,0.7735109088475438,0.24329754069968826,"[[3452, 8404, 2678], [8552, 57789, 8369], [2632, 8291, 3512]]",0.09647479581343477,-0.33583582635094567,-51.133207310569944,2,-0.3390518564128628,34276.0,0.48874807330022263,23266,-1.4434618170332058e-05,0.28159029311625305,103679
1,logistic_no_ofi,realistic_low,0.5,0.25,True,0.40791407620446657,0.6245527059481669,0.4178737229310007,0.23585679147308009,0.7758579023682939,0.24122535888453878,0.23751204073207652,0.7735109088475438,0.24329754069968826,"[[3452, 8404, 2678], [8552, 57789, 8369], [2632, 8291, 3512]]",0.09647479581343477,-2.9065358263509458,-28.964559582421458,2,-2.906649008151196,34276.0,0.48874807330022263,23266,-0.00012492632280370264,0.28159029311625305,103679
1,logistic_no_ofi,realistic_base,1.0,0.5,True,0.40791407620446657,0.6245527059481669,0.4178737229310007,0.23585679147308009,0.7758579023682939,0.24122535888453878,0.23751204073207652,0.7735109088475438,0.24329754069968826,"[[3452, 8404, 2678], [8552, 57789, 8369], [2632, 8291, 3512]]",0.09647479581343477,-5.477235826350945,-28.214536428539734,2,-5.477235826350976,34276.0,0.48874807330022263,23266,-0.00023541802743707322,0.28159029311625305,103679
1,logistic_no_ofi,stressed,2.0,1.0,True,0.40791407620446657,0.6245527059481669,0.4178737229310007,0.23585679147308009,0.7758579023682939,0.24122535888453878,0.23751204073207652,0.7735109088475438,0.24329754069968826,"[[3452, 8404, 2678], [8552, 57789, 8369], [2632, 8291, 3512]]",0.09647479581343477,-10.618635826350946,-27.82016594124578,2,-10.618635826350864,34276.0,0.48874807330022263,23266,-0.00045640143670381444,0.28159029311625305,103679
1,logistic_all,zero_cost,0.0,0.0,False,0.4081021451608455,0.6248709960551317,0.41836521267024923,0.23682226334909864,0.7759134473408682,0.24170778508771928,0.23771845328195954,0.7737116851827065,0.2443366816764808,"[[3455, 8391, 2688], [8529, 57804, 8377], [2605, 8303, 3527]]",0.09359558791531553,0.09359558791531553,15.102844704653243,2,-0.041872619291409174,34212.0,0.4888797505226003,23238,4.02769549510782e-06,0.28145526094966195,103679
1,logistic_all,spread_only,0.0,0.0,True,0.4081021451608455,0.6248709960551317,0.41836521267024923,0.23682226334909864,0.7759134473408682,0.24170778508771928,0.23771845328195954,0.7737116851827065,0.2443366816764808,"[[3455, 8391, 2688], [8529, 57804, 8377], [2605, 8303, 3527]]",0.09359558791531553,-0.3364392747459915,-47.521480772704415,2,-0.340450578808545,34212.0,0.4888797505226003,23238,-1.4477978945950233e-05,0.28145526094966195,103679
1,logistic_all,realistic_low,0.5,0.25,True,0.4081021451608455,0.6248709960551317,0.41836521267024923,0.23682226334909864,0.7759134473408682,0.24170778508771928,0.23771845328195954,0.7737116851827065,0.2443366816764808,"[[3455, 8391, 2688], [8529, 57804, 8377], [2605, 8303, 3527]]",0.09359558791531553,-2.902339274745991,-28.871307099900417,2,-2.9024524565462366,34212.0,0.4888797505226003,23238,-0.00012489625934873874,0.28145526094966195,103679
1,logistic_all,realistic_base,1.0,0.5,True,0.4081021451608455,0.6248709960551317,0.41836521267024923,0.23682226334909864,0.7759134473408682,0.24170778508771928,0.23771845328195954,0.7737116851827065,0.2443366816764808,"[[3455, 8391, 2688], [8529, 57804, 8377], [2605, 8303, 3527]]",0.09359558791531553,-5.46823927474599,-28.190605918474322,2,-5.468239274746016,34212.0,0.4888797505226003,23238,-0.00023531453975152725,0.28145526094966195,103679
1,logistic_all,stressed,2.0,1.0,True,0.4081021451608455,0.6248709960551317,0.41836521267024923,0.23682226334909864,0.7759134473408682,0.24170778508771928,0.23771845328195954,0.7737116851827065,0.2443366816764808,"[[3455, 8391, 2688], [8529, 57804, 8377], [2605, 8303, 3527]]",0.09359558791531553,-10.600039274745988,-27.831275593645987,2,-10.600039274745921,34212.0,0.4888797505226003,23238,-0.0004561511005571042,0.28145526094966195,103679
1,lightgbm_all,zero_cost,0.0,0.0,False,0.3020018604608017,0.721428640322534,0.2912860632581891,0.4907749077490775,0.7224710170214416,0.5368852459016393,0.009150956378147791,0.997630839245081,0.00907516453065466,"[[133, 14367, 34], [98, 74533, 79], [40, 14264, 131]]",-0.01005574644422802,-0.01005574644422802,-9.744579768711212,2,-0.01358965873785467,990.0,0.4815533980582524,982,-1.024006766214666e-05,0.004967254699601655,103679
1,lightgbm_all,spread_only,0.0,0.0,True,0.3020018604608017,0.721428640322534,0.2912860632581891,0.4907749077490775,0.7224710170214416,0.5368852459016393,0.009150956378147791,0.997630839245081,0.00907516453065466,"[[133, 14367, 34], [98, 74533, 79], [40, 14264, 131]]",-0.01005574644422802,-0.02607243801312775,-14.80244929971577,2,-0.026969493839727594,990.0,0.4815533980582524,982,-2.655034420888773e-05,0.004967254699601655,103679
1,lightgbm_all,realistic_low,0.5,0.25,True,0.3020018604608017,0.721428640322534,0.2912860632581891,0.4907749077490775,0.7224710170214416,0.5368852459016393,0.009150956378147791,0.997630839245081,0.00907516453065466,"[[133, 14367, 34], [98, 74533, 79], [40, 14264, 131]]",-0.01005574644422802,-0.10032243801312775,-19.404225242417272,2,-0.10038662443335589,990.0,0.4815533980582524,982,-0.00010216134217222785,0.004967254699601655,103679
1,lightgbm_all,realistic_base,1.0,0.5,True,0.3020018604608017,0.721428640322534,0.2912860632581891,0.4907749077490775,0.7224710170214416,0.5368852459016393,0.009150956378147791,0.997630839245081,0.00907516453065466,"[[133, 14367, 34], [98, 74533, 79], [40, 14264, 131]]",-0.01005574644422802,-0.17457243801312772,-20.349028845836916,2,-0.1745724380131276,990.0,0.4815533980582524,982,-0.00017777234013556794,0.004967254699601655,103679
1,lightgbm_all,stressed,2.0,1.0,True,0.3020018604608017,0.721428640322534,0.2912860632581891,0.4907749077490775,0.7224710170214416,0.5368852459016393,0.009150956378147791,0.997630839245081,0.00907516453065466,"[[133, 14367, 34], [98, 74533, 79], [40, 14264, 131]]",-0.01005574644422802,-0.32307243801312774,-20.983559426368238,2,-0.3230724380131276,990.0,0.4815533980582524,982,-0.0003289943360622482,0.004967254699601655,103679
5,naive_majority,zero_cost,0.0,0.0,False,0.13630771041006398,0.3776935393637749,0.18276611286532105,0.0,0.3776935393637749,0.0,0.0,1.0,0.0,"[[0, 32192, 0], [0, 39157, 0], [0, 32325, 0]]",0.0,0.0,0.0,2,0.0,0.0,0.0,0,0.0,0.0,103674
5,naive_majority,spread_only,0.0,0.0,True,0.13630771041006398,0.3776935393637749,0.18276611286532105,0.0,0.3776935393637749,0.0,0.0,1.0,0.0,"[[0, 32192, 0], [0, 39157, 0], [0, 32325, 0]]",0.0,0.0,0.0,2,0.0,0.0,0.0,0,0.0,0.0,103674
5,naive_majority,realistic_low,0.5,0.25,True,0.13630771041006398,0.3776935393637749,0.18276611286532105,0.0,0.3776935393637749,0.0,0.0,1.0,0.0,"[[0, 32192, 0], [0, 39157, 0], [0, 32325, 0]]",0.0,0.0,0.0,2,0.0,0.0,0.0,0,0.0,0.0,103674
5,naive_majority,realistic_base,1.0,0.5,True,0.13630771041006398,0.3776935393637749,0.18276611286532105,0.0,0.3776935393637749,0.0,0.0,1.0,0.0,"[[0, 32192, 0], [0, 39157, 0], [0, 32325, 0]]",0.0,0.0,0.0,2,0.0,0.0,0.0,0,0.0,0.0,103674
5,naive_majority,stressed,2.0,1.0,True,0.13630771041006398,0.3776935393637749,0.18276611286532105,0.0,0.3776935393637749,0.0,0.0,1.0,0.0,"[[0, 32192, 0], [0, 39157, 0], [0, 32325, 0]]",0.0,0.0,0.0,2,0.0,0.0,0.0,0,0.0,0.0,103674
5,ofi_threshold,zero_cost,0.0,0.0,False,0.3461713578902594,0.3443004031869128,0.3433288121691938,0.3263397745095138,0.3834706128717018,0.32093583044677976,0.34256958250497016,0.35074188523124855,0.33822119102861564,"[[11028, 10864, 10300], [12590, 13734, 12833], [10175, 11217, 10933]]",0.26981974850554313,0.26981974850554313,24.697412620974834,2,-0.0636936348884033,20058.0,0.47883816204426893,19121,1.4111173500629837e-05,0.6545324768022841,103674
5,ofi_threshold,spread_only,0.0,0.0,True,0.3461713578902594,0.3443004031869128,0.3433288121691938,0.3263397745095138,0.3834706128717018,0.32093583044677976,0.34256958250497016,0.35074188523124855,0.33822119102861564,"[[11028, 10864, 10300], [12590, 13734, 12833], [10175, 11217, 10933]]",0.26981974850554313,0.05092291063915151,37.55628798720426,2,-0.14329201736180597,20058.0,0.47883816204426893,19121,2.6631928580697408e-06,0.6545324768022841,103674
5,ofi_threshold,realistic_low,0.5,0.25,True,0.3461713578902594,0.3443004031869128,0.3433288121691938,0.3263397745095138,0.3834706128717018,0.32093583044677976,0.34256958250497016,0.35074188523124855,0.33822119102861564,"[[11028, 10864, 10300], [12590, 13734, 12833], [10175, 11217, 10933]]",0.26981974850554313,-1.453427089360848,-20.169561521006713,2,-1.4545292685157827,20058.0,0.47883816204426893,19121,-7.601208563154899e-05,0.6545324768022841,103674
5,ofi_threshold,realistic_base,1.0,0.5,True,0.3461713578902594,0.3443004031869128,0.3433288121691938,0.3263397745095138,0.3834706128717018,0.32093583044677976,0.34256958250497016,0.35074188523124855,0.33822119102861564,"[[11028, 10864, 10300], [12590, 13734, 12833], [10175, 11217, 10933]]",0.26981974850554313,-2.9577770893608477,-20.331613667627774,2,-2.9584292685158053,20058.0,0.47883816204426893,19121,-0.0001546873641211677,0.6545324768022841,103674
5,ofi_threshold,stressed,2.0,1.0,True,0.3461713578902594,0.3443004031869128,0.3433288121691938,0.3263397745095138,0.3834706128717018,0.32093583044677976,0.34256958250497016,0.35074188523124855,0.33822119102861564,"[[11028, 10864, 10300], [12590, 13734, 12833], [10175, 11217, 10933]]",0.26981974850554313,-5.966477089360848,-20.411512196131163,2,-5.966477089360794,20058.0,0.47883816204426893,19121,-0.0003120379211004052,0.6545324768022841,103674
5,logistic_no_ofi,zero_cost,0.0,0.0,False,0.3717877591932243,0.3913420915562243,0.39064454631122,0.3503513848697809,0.47881019650169837,0.3556530138094865,0.3685698310139165,0.3851929412365605,0.42146945088940446,"[[11865, 8214, 12113], [11504, 15083, 12570], [10497, 8204, 13624]]",0.24556475250155796,0.24556475250155796,20.38183656094557,2,-0.04349657680213903,68852.0,0.48131572748811885,39824,6.166250313920198e-06,0.6961533267743117,103674
5,logistic_no_ofi,spread_only,0.0,0.0,True,0.3717877591932243,0.3913420915562243,0.39064454631122,0.3503513848697809,0.47881019650169837,0.3556530138094865,0.3685698310139165,0.3851929412365605,0.42146945088940446,"[[11865, 8214, 12113], [11504, 15083, 12570], [10497, 8204, 13624]]",0.24556475250155796,-0.5265806297948189,-26.791864765838966,2,-0.532793026193633,68852.0,0.48131572748811885,39824,-1.3222695605534826e-05,0.6961533267743117,103674
5,logistic_no_ofi,realistic_low,0.5,0.25,True,0.3717877591932243,0.3913420915562243,0.39064454631122,0.3503513848697809,0.47881019650169837,0.3556530138094865,0.3685698310139165,0.3851929412365605,0.42146945088940446,"[[11865, 8214, 12113], [11504, 15083, 12570], [10497, 8204, 13624]]",0.24556475250155796,-5.690480629794818,-21.971782094169228,2,-5.691432886263969,68852.0,0.48131572748811885,39824,-0.00014289073497877707,0.6961533267743117,103674
5,logistic_no_ofi,realistic_base,1.0,0.5,True,0.3717877591932243,0.3913420915562243,0.39064454631122,0.3503513848697809,0.47881019650169837,0.3556530138094865,0.3685698310139165,0.3851929412365605,0.42146945088940446,"[[11865, 8214, 12113], [11504, 15083, 12570], [10497, 8204, 13624]]",0.24556475250155796,-10.854380629794816,-21.781673122051025,2,-10.854380629794797,68852.0,0.48131572748811885,39824,-0.0002725587743520193,0.6961533267743117,103674
5,logistic_no_ofi,stressed,2.0,1.0,True,0.3717877591932243,0.3913420915562243,0.39064454631122,0.3503513848697809,0.47881019650169837,0.3556530138094865,0.3685698310139165,0.3851929412365605,0.42146945088940446,"[[11865, 8214, 12113], [11504, 15083, 12570], [10497, 8204, 13624]]",0.24556475250155796,-21.182180629794818,-21.680881936676045,2,-21.18218062979458,68852.0,0.48131572748811885,39824,-0.0005318948530985038,0.6961533267743117,103674
5,logistic_all,zero_cost,0.0,0.0,False,0.37193460387987565,0.39140961089569226,0.3907475598257621,0.35023543260741613,0.4792428821377446,0.35581170443555765,0.36968812127236583,0.38473325331358377,0.4211291569992266,"[[11901, 8184, 12107], [11553, 15065, 12539], [10526, 8186, 13613]]",0.21877780593983231,0.21877780593983231,17.402252732334045,2,-0.04787999502527851,68598.0,0.4817619291518432,39710,5.509388213040351e-06,0.6967899376892953,103674
5,logistic_all,spread_only,0.0,0.0,True,0.37193460387987565,0.39140961089569226,0.3907475598257621,0.35023543260741613,0.4792428821377446,0.35581170443555765,0.36968812127236583,0.38473325331358377,0.4211291569992266,"[[11901, 8184, 12107], [11553, 15065, 12539], [10526, 8186, 13613]]",0.21877780593983231,-0.548594878414435,-28.652738888335517,2,-0.5522876940770806,68598.0,0.4817619291518432,39710,-1.3815030934636994e-05,0.6967899376892953,103674
5,logistic_all,realistic_low,0.5,0.25,True,0.37193460387987565,0.39140961089569226,0.3907475598257621,0.35023543260741613,0.4792428821377446,0.35581170443555765,0.36968812127236583,0.38473325331358377,0.4211291569992266,"[[11901, 8184, 12107], [11553, 15065, 12539], [10526, 8186, 13613]]",0.21877780593983231,-5.693444878414435,-22.107165502498663,2,-5.6950372365802195,68598.0,0.4817619291518432,39710,-0.00014337559502428695,0.6967899376892953,103674
5,logistic_all,realistic_base,1.0,0.5,True,0.37193460387987565,0.39140961089569226,0.3907475598257621,0.35023543260741613,0.4792428821377446,0.35581170443555765,0.36968812127236583,0.38473325331358377,0.4211291569992266,"[[11901, 8184, 12107], [11553, 15065, 12539], [10526, 8186, 13613]]",0.21877780593983231,-10.838294878414436,-21.854461310466135,2,-10.838922219368193,68598.0,0.4817619291518432,39710,-0.0002729361591139369,0.6967899376892953,103674
5,logistic_all,stressed,2.0,1.0,True,0.37193460387987565,0.39140961089569226,0.3907475598257621,0.35023543260741613,0.4792428821377446,0.35581170443555765,0.36968812127236583,0.38473325331358377,0.4211291569992266,"[[11901, 8184, 12107], [11553, 15065, 12539], [10526, 8186, 13613]]",0.21877780593983231,-21.127994878414434,-21.720648098164776,2,-21.1279948784142,68598.0,0.4817619291518432,39710,-0.0005320572872932368,0.6967899376892953,103674
5,lightgbm_all,zero_cost,0.0,0.0,False,0.39967884165150985,0.4087620811389548,0.3518858873585708,0.3871023513139696,0.4246139610201839,0.3718943422543806,0.13910288270377733,0.7500063845544858,0.2639443155452436,"[[4478, 19806, 7908], [3287, 29368, 6502], [3803, 19990, 8532]]",0.1630911343039898,0.1630911343039898,15.91613490916293,2,-0.03994201840247524,29708.0,0.4923210663575775,20341,8.017852332923151e-06,0.3328703435769817,103674
5,lightgbm_all,spread_only,0.0,0.0,True,0.39967884165150985,0.4087620811389548,0.3518858873585708,0.3871023513139696,0.4246139610201839,0.3718943422543806,0.13910288270377733,0.7500063845544858,0.2639443155452436,"[[4478, 19806, 7908], [3287, 29368, 6502], [3803, 19990, 8532]]",0.1630911343039898,-0.19475264890961017,-62.671493238560025,2,-0.22140872265654682,29708.0,0.4923210663575775,20341,-9.574389111135645e-06,0.3328703435769817,103674
5,lightgbm_all,realistic_low,0.5,0.25,True,0.39967884165150985,0.4087620811389548,0.3518858873585708,0.3871023513139696,0.4246139610201839,0.3718943422543806,0.13910288270377733,0.7500063845544858,0.2639443155452436,"[[4478, 19806, 7908], [3287, 29368, 6502], [3803, 19990, 8532]]",0.1630911343039898,-2.4228526489096094,-25.232374232992253,2,-2.4241121355488615,29708.0,0.4923210663575775,20341,-0.00011911177665353766,0.3328703435769817,103674
5,lightgbm_all,realistic_base,1.0,0.5,True,0.39967884165150985,0.4087620811389548,0.3518858873585708,0.3871023513139696,0.4246139610201839,0.3718943422543806,0.13910288270377733,0.7500063845544858,0.2639443155452436,"[[4478, 19806, 7908], [3287, 29368, 6502], [3803, 19990, 8532]]",0.1630911343039898,-4.650952648909609,-24.616595033559413,2,-4.652137135548859,29708.0,0.4923210663575775,20341,-0.00022864916419593968,0.3328703435769817,103674
5,lightgbm_all,stressed,2.0,1.0,True,0.39967884165150985,0.4087620811389548,0.3518858873585708,0.3871023513139696,0.4246139610201839,0.3718943422543806,0.13910288270377733,0.7500063845544858,0.2639443155452436,"[[4478, 19806, 7908], [3287, 29368, 6502], [3803, 19990, 8532]]",0.1630911343039898,-9.10715264890961,-24.30104643570608,2,-9.108187135548969,29708.0,0.4923210663575775,20341,-0.0004477239392807438,0.3328703435769817,103674
10,naive_majority,zero_cost,0.0,0.0,False,0.10129074660405196,0.26535671566925184,0.13980601274105472,0.0,0.26535671566925184,0.0,0.0,1.0,0.0,"[[0, 37861, 0], [0, 27509, 0], [0, 38298, 0]]",0.0,0.0,0.0,2,0.0,0.0,0.0,0,0.0,0.0,103668
10,naive_majority,spread_only,0.0,0.0,True,0.10129074660405196,0.26535671566925184,0.13980601274105472,0.0,0.26535671566925184,0.0,0.0,1.0,0.0,"[[0, 37861, 0], [0, 27509, 0], [0, 38298, 0]]",0.0,0.0,0.0,2,0.0,0.0,0.0,0,0.0,0.0,103668
10,naive_majority,realistic_low,0.5,0.25,True,0.10129074660405196,0.26535671566925184,0.13980601274105472,0.0,0.26535671566925184,0.0,0.0,1.0,0.0,"[[0, 37861, 0], [0, 27509, 0], [0, 38298, 0]]",0.0,0.0,0.0,2,0.0,0.0,0.0,0,0.0,0.0,103668
10,naive_majority,realistic_base,1.0,0.5,True,0.10129074660405196,0.26535671566925184,0.13980601274105472,0.0,0.26535671566925184,0.0,0.0,1.0,0.0,"[[0, 37861, 0], [0, 27509, 0], [0, 38298, 0]]",0.0,0.0,0.0,2,0.0,0.0,0.0,0,0.0,0.0,103668
10,naive_majority,stressed,2.0,1.0,True,0.10129074660405196,0.26535671566925184,0.13980601274105472,0.0,0.26535671566925184,0.0,0.0,1.0,0.0,"[[0, 37861, 0], [0, 27509, 0], [0, 38298, 0]]",0.0,0.0,0.0,2,0.0,0.0,0.0,0,0.0,0.0,103668
10,ofi_threshold,zero_cost,0.0,0.0,False,0.333266375625598,0.34044256665509126,0.33905635733208284,0.3774746249223212,0.2704528955157201,0.37729367898769856,0.33691661604289375,0.35210294812606785,0.3355527703796543,"[[12756, 12903, 12202], [8815, 9686, 9008], [12222, 13225, 12851]]",0.27019420755262236,0.27019420755262236,24.669098136049413,2,-0.0636936348884033,20058.0,0.4788587092685659,19121,1.4130757154574674e-05,0.6545221283327546,103668
10,ofi_threshold,spread_only,0.0,0.0,True,0.333266375625598,0.34044256665509126,0.33905635733208284,0.3774746249223212,0.2704528955157201,0.37729367898769856,0.33691661604289375,0.35210294812606785,0.3355527703796543,"[[12756, 12903, 12202], [8815, 9686, 9008], [12222, 13225, 12851]]",0.27019420755262236,0.051297372104374954,37.07454227489839,2,-0.14329201736180597,20058.0,0.4788587092685659,19121,2.6827766384799413e-06,0.6545221283327546,103668
10,ofi_threshold,realistic_low,0.5,0.25,True,0.333266375625598,0.34044256665509126,0.33905635733208284,0.3774746249223212,0.2704528955157201,0.37729367898769856,0.33691661604289375,0.35210294812606785,0.3355527703796543,"[[12756, 12903, 12202], [8815, 9686, 9008], [12222, 13225, 12851]]",0.27019420755262236,-1.453052627895625,-20.17212447103734,2,-1.4545292685157827,20058.0,0.4788587092685659,19121,-7.59925018511388e-05,0.6545221283327546,103668
10,ofi_threshold,realistic_base,1.0,0.5,True,0.333266375625598,0.34044256665509126,0.33905635733208284,0.3774746249223212,0.2704528955157201,0.37729367898769856,0.33691661604289375,0.35210294812606785,0.3355527703796543,"[[12756, 12903, 12202], [8815, 9686, 9008], [12222, 13225, 12851]]",0.27019420755262236,-2.9574026278956245,-20.332913835236347,2,-2.9584292685158053,20058.0,0.4788587092685659,19121,-0.00015466778034075752,0.6545221283327546,103668
10,ofi_threshold,stressed,2.0,1.0,True,0.333266375625598,0.34044256665509126,0.33905635733208284,0.3774746249223212,0.2704528955157201,0.37729367898769856,0.33691661604289375,0.35210294812606785,0.3355527703796543,"[[12756, 12903, 12202], [8815, 9686, 9008], [12222, 13225, 12851]]",0.27019420755262236,-5.966102627895624,-20.412166779785274,2,-5.96631581305999,20058.0,0.4788587092685659,19121,-0.00031201833731999497,0.6545221283327546,103668
10,logistic_no_ofi,zero_cost,0.0,0.0,False,0.3566398393659514,0.3941814253192885,0.3732932126620217,0.3896142214354208,0.3861299052774019,0.4005018976709459,0.41853094213042447,0.20745937693118616,0.504229985900047,"[[15846, 4862, 17153], [10049, 5707, 11753], [14776, 4211, 19311]]",0.3916946627013157,0.3916946627013157,22.422931333010627,2,-0.03904006052022324,75232.0,0.4767851316840483,41046,9.54282177803722e-06,0.8574198402592893,103668
10,logistic_no_ofi,spread_only,0.0,0.0,True,0.3566398393659514,0.3941814253192885,0.3732932126620217,0.3896142214354208,0.3861299052774019,0.4005018976709459,0.41853094213042447,0.20745937693118616,0.504229985900047,"[[15846, 4862, 17153], [10049, 5707, 11753], [14776, 4211, 19311]]",0.3916946627013157,-0.4263734325599624,-23.405688173732628,2,-0.432426290738943,75232.0,0.4767851316840483,41046,-1.0387697523752922e-05,0.8574198402592893,103668
10,logistic_no_ofi,realistic_low,0.5,0.25,True,0.3566398393659514,0.3941814253192885,0.3732932126620217,0.3896142214354208,0.3861299052774019,0.4005018976709459,0.41853094213042447,0.20745937693118616,0.504229985900047,"[[15846, 4862, 17153], [10049, 5707, 11753], [14776, 4211, 19311]]",0.3916946627013157,-6.068773432559961,-20.647169549585442,2,-6.0696437109703405,75232.0,0.4767851316840483,41046,-0.00014785298037713691,0.8574198402592893,103668
10,logistic_no_ofi,realistic_base,1.0,0.5,True,0.3566398393659514,0.3941814253192885,0.3732932126620217,0.3896142214354208,0.3861299052774019,0.4005018976709459,0.41853094213042447,0.20745937693118616,0.504229985900047,"[[15846, 4862, 17153], [10049, 5707, 11753], [14776, 4211, 19311]]",0.3916946627013157,-11.711173432559962,-20.5589539798435,2,-11.71117343256001,75232.0,0.4767851316840483,41046,-0.00028531826323052094,0.8574198402592893,103668
10,logistic_no_ofi,stressed,2.0,1.0,True,0.3566398393659514,0.3941814253192885,0.3732932126620217,0.3896142214354208,0.3861299052774019,0.4005018976709459,0.41853094213042447,0.20745937693118616,0.504229985900047,"[[15846, 4862, 17153], [10049, 5707, 11753], [14776, 4211, 19311]]",0.3916946627013157,-22.99597343255996,-20.512696008282216,2,-22.995973432559623,75232.0,0.4767851316840483,41046,-0.0005602488289372889,0.8574198402592893,103668
10,logistic_all,zero_cost,0.0,0.0,False,0.35717363188317397,0.39316857660994714,0.3725090199874615,0.3881322007420426,0.3872063017791661,0.3992996206278401,0.419983624309976,0.20727761823403248,0.5001827771685206,"[[15901, 4836, 17124], [10113, 5702, 11694], [14954, 4188, 19156]]",0.3899409580497001,0.3899409580497001,20.853836233375375,2,-0.038549563614218685,74172.0,0.4781709222968035,40510,9.62579506417428e-06,0.8579407338812363,103668
10,logistic_all,spread_only,0.0,0.0,True,0.35717363188317397,0.39316857660994714,0.3725090199874615,0.3881322007420426,0.3872063017791661,0.3992996206278401,0.419983624309976,0.20727761823403248,0.5001827771685206,"[[15901, 4836, 17124], [10113, 5702, 11694], [14954, 4188, 19156]]",0.3899409580497001,-0.4193919504297501,-24.960807075709678,2,-0.42345756671955576,74172.0,0.4781709222968035,40510,-1.0352800553684277e-05,0.8579407338812363,103668
10,logistic_all,realistic_low,0.5,0.25,True,0.35717363188317397,0.39316857660994714,0.3725090199874615,0.3881322007420426,0.3872063017791661,0.3992996206278401,0.419983624309976,0.20727761823403248,0.5001827771685206,"[[15901, 4836, 17124], [10113, 5702, 11694], [14954, 4188, 19156]]",0.3899409580497001,-5.98229195042975,-20.776295180994733,2,-5.982323859873572,74172.0,0.4781709222968035,40510,-0.00014767444952924587,0.8579407338812363,103668
10,logistic_all,realistic_base,1.0,0.5,True,0.35717363188317397,0.39316857660994714,0.3725090199874615,0.3881322007420426,0.3872063017791661,0.3992996206278401,0.419983624309976,0.20727761823403248,0.5001827771685206,"[[15901, 4836, 17124], [10113, 5702, 11694], [14954, 4188, 19156]]",0.3899409580497001,-11.54519195042975,-20.65053693712448,2,-11.545191950429736,74172.0,0.4781709222968035,40510,-0.0002849960985048075,0.8579407338812363,103668
10,logistic_all,stressed,2.0,1.0,True,0.35717363188317397,0.39316857660994714,0.3725090199874615,0.3881322007420426,0.3872063017791661,0.3992996206278401,0.419983624309976,0.20727761823403248,0.5001827771685206,"[[15901, 4836, 17124], [10113, 5702, 11694], [14954, 4188, 19156]]",0.3899409580497001,-22.670991950429748,-20.584779986770396,2,-22.67099195042942,74172.0,0.4781709222968035,40510,-0.0005596393964559306,0.8579407338812363,103668
10,lightgbm_all,zero_cost,0.0,0.0,False,0.3455305742299915,0.3894258594744762,0.3652171213804938,0.39257682030728125,0.3680468632654083,0.39530991078452704,0.24835582789678032,0.26722163655530917,0.6166640555642592,"[[9403, 6656, 21802], [5834, 7351, 14324], [8715, 5966, 23617]]",0.32183958304897387,0.32183958304897387,30.17709377398116,2,-0.054476433538045765,51296.0,0.4770234425406839,30087,1.0696964903412566e-05,0.8073272369487209,103668
10,lightgbm_all,spread_only,0.0,0.0,True,0.3455305742299915,0.3894258594744762,0.3652171213804938,0.39257682030728125,0.3680468632654083,0.39530991078452704,0.24835582789678032,0.26722163655530917,0.6166640555642592,"[[9403, 6656, 21802], [5834, 7351, 14324], [8715, 5966, 23617]]",0.32183958304897387,-0.21496293123643317,-14.776268485436091,2,-0.25136238590465393,51296.0,0.4770234425406839,30087,-7.144711378217608e-06,0.8073272369487209,103668
10,lightgbm_all,realistic_low,0.5,0.25,True,0.3455305742299915,0.3894258594744762,0.3652171213804938,0.39257682030728125,0.3680468632654083,0.39530991078452704,0.24835582789678032,0.26722163655530917,0.6166640555642592,"[[9403, 6656, 21802], [5834, 7351, 14324], [8715, 5966, 23617]]",0.32183958304897387,-4.062162931236432,-18.745721529553673,2,-4.0633359349454485,51296.0,0.4770234425406839,30087,-0.00013501389075801614,0.8073272369487209,103668
10,lightgbm_all,realistic_base,1.0,0.5,True,0.3455305742299915,0.3894258594744762,0.3652171213804938,0.39257682030728125,0.3680468632654083,0.39530991078452704,0.24835582789678032,0.26722163655530917,0.6166640555642592,"[[9403, 6656, 21802], [5834, 7351, 14324], [8715, 5966, 23617]]",0.32183958304897387,-7.909362931236433,-18.88359242135041,2,-7.910440946133704,51296.0,0.4770234425406839,30087,-0.00026288307013781477,0.8073272369487209,103668
10,lightgbm_all,stressed,2.0,1.0,True,0.3455305742299915,0.3894258594744762,0.3652171213804938,0.39257682030728125,0.3680468632654083,0.39530991078452704,0.24835582789678032,0.26722163655530917,0.6166640555642592,"[[9403, 6656, 21802], [5834, 7351, 14324], [8715, 5966, 23617]]",0.32183958304897387,-15.603762931236432,-18.9561828404016,2,-15.604690946133616,51296.0,0.4770234425406839,30087,-0.0005186214288974119,0.8073272369487209,103668
